Threshold,Array Size,Algorithm,Time (ms),Comparisons,IsSorted
1,1000,MergeSort,1,8724,true
1,1000,HybridMergeSort,1,8735,true
1,2000,MergeSort,0,19438,true
1,2000,HybridMergeSort,1,19415,true
1,3000,MergeSort,1,30890,true
1,3000,HybridMergeSort,1,30922,true
1,4000,MergeSort,1,42805,true
1,4000,HybridMergeSort,1,42866,true
1,5000,MergeSort,1,55194,true
1,5000,HybridMergeSort,1,55186,true
1,10000,MergeSort,8,120341,true
1,10000,HybridMergeSort,10,120375,true
1,20000,MergeSort,14,260928,true
1,20000,HybridMergeSort,6,260983,true
1,30000,MergeSort,7,408460,true
1,30000,HybridMergeSort,6,408632,true
1,40000,MergeSort,16,561468,true
1,40000,HybridMergeSort,12,561714,true
1,50000,MergeSort,11,718059,true
1,50000,HybridMergeSort,13,718042,true
1,100000,MergeSort,26,1536588,true
1,100000,HybridMergeSort,26,1536461,true
1,500000,MergeSort,124,8837335,true
1,500000,HybridMergeSort,111,8836960,true
1,1000000,MergeSort,245,18674682,true
1,1000000,HybridMergeSort,172,18673976,true
1,1500000,MergeSort,295,28910855,true
1,1500000,HybridMergeSort,274,28911807,true
1,2000000,MergeSort,413,39347369,true
1,2000000,HybridMergeSort,371,39349464,true
1,2500000,MergeSort,483,50025088,true
1,2500000,HybridMergeSort,471,50025450,true
1,5000000,MergeSort,1014,105049780,true
1,5000000,HybridMergeSort,980,105050578,true
1,7500000,MergeSort,1611,161906861,true
1,7500000,HybridMergeSort,1955,161905060,true
1,10000000,MergeSort,3143,220095177,true
1,10000000,HybridMergeSort,2177,220097535,true
2,1000,MergeSort,0,8695,true
2,1000,HybridMergeSort,0,8700,true
2,2000,MergeSort,0,19410,true
2,2000,HybridMergeSort,0,19405,true
2,3000,MergeSort,1,30972,true
2,3000,HybridMergeSort,0,30941,true
2,4000,MergeSort,0,42799,true
2,4000,HybridMergeSort,1,42758,true
2,5000,MergeSort,1,55308,true
2,5000,HybridMergeSort,1,55209,true
2,10000,MergeSort,2,120478,true
2,10000,HybridMergeSort,1,120539,true
2,20000,MergeSort,3,260789,true
2,20000,HybridMergeSort,4,260859,true
2,30000,MergeSort,6,408713,true
2,30000,HybridMergeSort,4,408630,true
2,40000,MergeSort,6,561569,true
2,40000,HybridMergeSort,6,561570,true
2,50000,MergeSort,8,718203,true
2,50000,HybridMergeSort,8,718120,true
2,100000,MergeSort,18,1536094,true
2,100000,HybridMergeSort,15,1536313,true
2,500000,MergeSort,84,8837395,true
2,500000,HybridMergeSort,87,8837276,true
2,1000000,MergeSort,196,18674972,true
2,1000000,HybridMergeSort,179,18674269,true
2,1500000,MergeSort,293,28909920,true
2,1500000,HybridMergeSort,258,28910281,true
2,2000000,MergeSort,389,39348751,true
2,2000000,HybridMergeSort,373,39347670,true
2,2500000,MergeSort,502,50026111,true
2,2500000,HybridMergeSort,481,50025895,true
2,5000000,MergeSort,1479,105047895,true
2,5000000,HybridMergeSort,1179,105049524,true
2,7500000,MergeSort,1802,161908362,true
2,7500000,HybridMergeSort,1482,161907680,true
2,10000000,MergeSort,2257,220098751,true
2,10000000,HybridMergeSort,1977,220101512,true
3,1000,MergeSort,0,8684,true
3,1000,HybridMergeSort,0,8756,true
3,2000,MergeSort,0,19379,true
3,2000,HybridMergeSort,0,19511,true
3,3000,MergeSort,0,30917,true
3,3000,HybridMergeSort,1,30996,true
3,4000,MergeSort,0,42849,true
3,4000,HybridMergeSort,2,43098,true
3,5000,MergeSort,0,55188,true
3,5000,HybridMergeSort,1,55236,true
3,10000,MergeSort,2,120557,true
3,10000,HybridMergeSort,1,120562,true
3,20000,MergeSort,3,260838,true
3,20000,HybridMergeSort,3,260883,true
3,30000,MergeSort,4,408582,true
3,30000,HybridMergeSort,4,410023,true
3,40000,MergeSort,5,561617,true
3,40000,HybridMergeSort,6,561953,true
3,50000,MergeSort,7,718196,true
3,50000,HybridMergeSort,7,718515,true
3,100000,MergeSort,16,1536328,true
3,100000,HybridMergeSort,14,1536618,true
3,500000,MergeSort,90,8836762,true
3,500000,HybridMergeSort,77,8863675,true
3,1000000,MergeSort,187,18673820,true
3,1000000,HybridMergeSort,153,18728485,true
3,1500000,MergeSort,284,28911851,true
3,1500000,HybridMergeSort,237,28911480,true
3,2000000,MergeSort,399,39348714,true
3,2000000,HybridMergeSort,342,39455344,true
3,2500000,MergeSort,492,50025004,true
3,2500000,HybridMergeSort,447,50053862,true
3,5000000,MergeSort,995,105051054,true
3,5000000,HybridMergeSort,914,105111643,true
3,7500000,MergeSort,1726,161906171,true
3,7500000,HybridMergeSort,1425,162211739,true
3,10000000,MergeSort,2259,220101662,true
3,10000000,HybridMergeSort,2115,220225213,true
4,1000,MergeSort,0,8700,true
4,1000,HybridMergeSort,1,8752,true
4,2000,MergeSort,0,19434,true
4,2000,HybridMergeSort,0,19507,true
4,3000,MergeSort,1,30915,true
4,3000,HybridMergeSort,0,30926,true
4,4000,MergeSort,1,42860,true
4,4000,HybridMergeSort,0,43094,true
4,5000,MergeSort,1,55145,true
4,5000,HybridMergeSort,0,55713,true
4,10000,MergeSort,1,120401,true
4,10000,HybridMergeSort,1,121521,true
4,20000,MergeSort,3,260770,true
4,20000,HybridMergeSort,2,263429,true
4,30000,MergeSort,4,408589,true
4,30000,HybridMergeSort,4,409768,true
4,40000,MergeSort,10,561765,true
4,40000,HybridMergeSort,7,566097,true
4,50000,MergeSort,8,718038,true
4,50000,HybridMergeSort,7,718146,true
4,100000,MergeSort,18,1536605,true
4,100000,HybridMergeSort,16,1537115,true
4,500000,MergeSort,101,8837316,true
4,500000,HybridMergeSort,86,8864013,true
4,1000000,MergeSort,201,18673739,true
4,1000000,HybridMergeSort,156,18727762,true
4,1500000,MergeSort,306,28911095,true
4,1500000,HybridMergeSort,258,28951180,true
4,2000000,MergeSort,413,39349766,true
4,2000000,HybridMergeSort,364,39455533,true
4,2500000,MergeSort,532,50023623,true
4,2500000,HybridMergeSort,442,50275238,true
4,5000000,MergeSort,1065,105050291,true
4,5000000,HybridMergeSort,978,105553981,true
4,7500000,MergeSort,1736,161908381,true
4,7500000,HybridMergeSort,1551,162207200,true
4,10000000,MergeSort,2242,220102120,true
4,10000000,HybridMergeSort,1958,221107501,true
5,1000,MergeSort,0,8685,true
5,1000,HybridMergeSort,0,8752,true
5,2000,MergeSort,1,19419,true
5,2000,HybridMergeSort,0,19524,true
5,3000,MergeSort,0,30918,true
5,3000,HybridMergeSort,1,31492,true
5,4000,MergeSort,0,42856,true
5,4000,HybridMergeSort,1,43043,true
5,5000,MergeSort,1,55256,true
5,5000,HybridMergeSort,0,55748,true
5,10000,MergeSort,2,120567,true
5,10000,HybridMergeSort,1,121416,true
5,20000,MergeSort,4,260845,true
5,20000,HybridMergeSort,2,262964,true
5,30000,MergeSort,5,408519,true
5,30000,HybridMergeSort,4,409919,true
5,40000,MergeSort,8,561663,true
5,40000,HybridMergeSort,5,566154,true
5,50000,MergeSort,9,718148,true
5,50000,HybridMergeSort,7,727716,true
5,100000,MergeSort,20,1536159,true
5,100000,HybridMergeSort,15,1554750,true
5,500000,MergeSort,92,8837381,true
5,500000,HybridMergeSort,83,8863907,true
5,1000000,MergeSort,191,18675346,true
5,1000000,HybridMergeSort,175,18728255,true
5,1500000,MergeSort,292,28910402,true
5,1500000,HybridMergeSort,254,29181727,true
5,2000000,MergeSort,404,39347361,true
5,2000000,HybridMergeSort,336,39454773,true
5,2500000,MergeSort,502,50025001,true
5,2500000,HybridMergeSort,489,50276685,true
5,5000000,MergeSort,1140,105051261,true
5,5000000,HybridMergeSort,916,105553222,true
5,7500000,MergeSort,1634,161906722,true
5,7500000,HybridMergeSort,1530,162205301,true
5,10000000,MergeSort,2223,220101007,true
5,10000000,HybridMergeSort,1865,221107011,true
6,1000,MergeSort,0,8686,true
6,1000,HybridMergeSort,0,8796,true
6,2000,MergeSort,0,19416,true
6,2000,HybridMergeSort,1,19603,true
6,3000,MergeSort,0,30970,true
6,3000,HybridMergeSort,0,31442,true
6,4000,MergeSort,1,42833,true
6,4000,HybridMergeSort,0,43159,true
6,5000,MergeSort,1,55214,true
6,5000,HybridMergeSort,1,55699,true
6,10000,MergeSort,1,120378,true
6,10000,HybridMergeSort,1,121563,true
6,20000,MergeSort,2,260967,true
6,20000,HybridMergeSort,3,263163,true
6,30000,MergeSort,5,408604,true
6,30000,HybridMergeSort,4,415474,true
6,40000,MergeSort,6,561887,true
6,40000,HybridMergeSort,5,565985,true
6,50000,MergeSort,8,718040,true
6,50000,HybridMergeSort,6,728793,true
6,100000,MergeSort,16,1536409,true
6,100000,HybridMergeSort,13,1557333,true
6,500000,MergeSort,92,8838138,true
6,500000,HybridMergeSort,77,8912381,true
6,1000000,MergeSort,192,18673443,true
6,1000000,HybridMergeSort,162,18821314,true
6,1500000,MergeSort,279,28909404,true
6,1500000,HybridMergeSort,244,29181134,true
6,2000000,MergeSort,388,39346851,true
6,2000000,HybridMergeSort,350,39640286,true
6,2500000,MergeSort,488,50026071,true
6,2500000,HybridMergeSort,425,50276806,true
6,5000000,MergeSort,990,105049646,true
6,5000000,HybridMergeSort,880,105554502,true
6,7500000,MergeSort,1580,161902764,true
6,7500000,HybridMergeSort,1346,163917398,true
6,10000000,MergeSort,2117,220102286,true
6,10000000,HybridMergeSort,1874,221106592,true
7,1000,MergeSort,0,8689,true
7,1000,HybridMergeSort,0,9160,true
7,2000,MergeSort,0,19407,true
7,2000,HybridMergeSort,1,20182,true
7,3000,MergeSort,0,30879,true
7,3000,HybridMergeSort,0,31507,true
7,4000,MergeSort,1,42833,true
7,4000,HybridMergeSort,0,44225,true
7,5000,MergeSort,1,55181,true
7,5000,HybridMergeSort,1,55707,true
7,10000,MergeSort,1,120469,true
7,10000,HybridMergeSort,1,121449,true
7,20000,MergeSort,2,260951,true
7,20000,HybridMergeSort,3,263191,true
7,30000,MergeSort,5,408537,true
7,30000,HybridMergeSort,4,419173,true
7,40000,MergeSort,6,561769,true
7,40000,HybridMergeSort,5,566169,true
7,50000,MergeSort,8,717987,true
7,50000,HybridMergeSort,6,728631,true
7,100000,MergeSort,16,1536040,true
7,100000,HybridMergeSort,14,1558024,true
7,500000,MergeSort,84,8836705,true
7,500000,HybridMergeSort,76,9036076,true
7,1000000,MergeSort,191,18674875,true
7,1000000,HybridMergeSort,159,19073772,true
7,1500000,MergeSort,295,28909556,true
7,1500000,HybridMergeSort,249,29180094,true
7,2000000,MergeSort,400,39349015,true
7,2000000,HybridMergeSort,349,40144210,true
7,2500000,MergeSort,475,50025253,true
7,2500000,HybridMergeSort,429,50277105,true
7,5000000,MergeSort,1040,105051508,true
7,5000000,HybridMergeSort,891,105555778,true
7,7500000,MergeSort,1622,161908742,true
7,7500000,HybridMergeSort,1335,164411444,true
7,10000000,MergeSort,2240,220099527,true
7,10000000,HybridMergeSort,2152,221106421,true
8,1000,MergeSort,0,8734,true
8,1000,HybridMergeSort,0,9129,true
8,2000,MergeSort,1,19375,true
8,2000,HybridMergeSort,0,20378,true
8,3000,MergeSort,0,30948,true
8,3000,HybridMergeSort,1,31486,true
8,4000,MergeSort,1,42813,true
8,4000,HybridMergeSort,0,44497,true
8,5000,MergeSort,1,55218,true
8,5000,HybridMergeSort,1,56303,true
8,10000,MergeSort,2,120512,true
8,10000,HybridMergeSort,1,122356,true
8,20000,MergeSort,4,260939,true
8,20000,HybridMergeSort,2,265136,true
8,30000,MergeSort,5,408557,true
8,30000,HybridMergeSort,5,419393,true
8,40000,MergeSort,9,561732,true
8,40000,HybridMergeSort,5,570115,true
8,50000,MergeSort,8,718033,true
8,50000,HybridMergeSort,6,728632,true
8,100000,MergeSort,17,1536466,true
8,100000,HybridMergeSort,14,1558282,true
8,500000,MergeSort,106,8836619,true
8,500000,HybridMergeSort,80,9036118,true
8,1000000,MergeSort,199,18673984,true
8,1000000,HybridMergeSort,158,19074366,true
8,1500000,MergeSort,296,28911321,true
8,1500000,HybridMergeSort,259,29183063,true
8,2000000,MergeSort,434,39347099,true
8,2000000,HybridMergeSort,363,40143811,true
8,2500000,MergeSort,517,50025035,true
8,2500000,HybridMergeSort,419,50786178,true
8,5000000,MergeSort,1142,105050159,true
8,5000000,HybridMergeSort,900,106573333,true
8,7500000,MergeSort,1661,161909133,true
8,7500000,HybridMergeSort,1435,164403177,true
8,10000000,MergeSort,2388,220103471,true
8,10000000,HybridMergeSort,1973,223151316,true
10,1000,MergeSort,1,8689,true
10,1000,HybridMergeSort,0,9210,true
10,2000,MergeSort,0,19402,true
10,2000,HybridMergeSort,0,20258,true
10,3000,MergeSort,2,30926,true
10,3000,HybridMergeSort,0,31897,true
10,4000,MergeSort,1,42813,true
10,4000,HybridMergeSort,0,44538,true
10,5000,MergeSort,2,55250,true
10,5000,HybridMergeSort,0,58508,true
10,10000,MergeSort,2,120469,true
10,10000,HybridMergeSort,1,127188,true
10,20000,MergeSort,3,260901,true
10,20000,HybridMergeSort,3,274015,true
10,30000,MergeSort,6,408519,true
10,30000,HybridMergeSort,4,419097,true
10,40000,MergeSort,7,561996,true
10,40000,HybridMergeSort,5,588325,true
10,50000,MergeSort,8,718157,true
10,50000,HybridMergeSort,7,728927,true
10,100000,MergeSort,25,1536308,true
10,100000,HybridMergeSort,17,1557212,true
10,500000,MergeSort,96,8836787,true
10,500000,HybridMergeSort,84,9035377,true
10,1000000,MergeSort,209,18674848,true
10,1000000,HybridMergeSort,175,19071494,true
10,1500000,MergeSort,305,28910519,true
10,1500000,HybridMergeSort,254,29725094,true
10,2000000,MergeSort,502,39347719,true
10,2000000,HybridMergeSort,396,40145567,true
10,2500000,MergeSort,994,50025257,true
10,2500000,HybridMergeSort,972,51604962,true
10,5000000,MergeSort,1179,105050211,true
10,5000000,HybridMergeSort,867,108206979,true
10,7500000,MergeSort,1674,161906860,true
10,7500000,HybridMergeSort,1389,164411503,true
10,10000000,MergeSort,2170,220101328,true
10,10000000,HybridMergeSort,2298,226411900,true
15,1000,MergeSort,0,8686,true
15,1000,HybridMergeSort,0,10423,true
15,2000,MergeSort,0,19415,true
15,2000,HybridMergeSort,0,22716,true
15,3000,MergeSort,1,30986,true
15,3000,HybridMergeSort,0,33918,true
15,4000,MergeSort,1,42792,true
15,4000,HybridMergeSort,0,49226,true
15,5000,MergeSort,1,55178,true
15,5000,HybridMergeSort,0,58557,true
15,10000,MergeSort,1,120385,true
15,10000,HybridMergeSort,1,127207,true
15,20000,MergeSort,3,260859,true
15,20000,HybridMergeSort,2,273861,true
15,30000,MergeSort,4,408553,true
15,30000,HybridMergeSort,4,451705,true
15,40000,MergeSort,7,561736,true
15,40000,HybridMergeSort,4,587964,true
15,50000,MergeSort,8,718259,true
15,50000,HybridMergeSort,6,769748,true
15,100000,MergeSort,17,1536228,true
15,100000,HybridMergeSort,11,1640461,true
15,500000,MergeSort,86,8837556,true
15,500000,HybridMergeSort,72,9610532,true
15,1000000,MergeSort,193,18674519,true
15,1000000,HybridMergeSort,144,20222256,true
15,1500000,MergeSort,280,28910422,true
15,1500000,HybridMergeSort,224,30274027,true
15,2000000,MergeSort,428,39346851,true
15,2000000,HybridMergeSort,343,42455833,true
15,2500000,MergeSort,593,50024235,true
15,2500000,HybridMergeSort,537,51606277,true
15,5000000,MergeSort,1117,105049690,true
15,5000000,HybridMergeSort,1018,108204407,true
15,7500000,MergeSort,1592,161909290,true
15,7500000,HybridMergeSort,1385,172254570,true
15,10000000,MergeSort,2433,220097992,true
15,10000000,HybridMergeSort,2311,226426848,true
16,1000,MergeSort,0,8706,true
16,1000,HybridMergeSort,0,10456,true
16,2000,MergeSort,1,19384,true
16,2000,HybridMergeSort,0,22657,true
16,3000,MergeSort,0,30899,true
16,3000,HybridMergeSort,1,33856,true
16,4000,MergeSort,0,42818,true
16,4000,HybridMergeSort,1,49092,true
16,5000,MergeSort,0,55180,true
16,5000,HybridMergeSort,1,58386,true
16,10000,MergeSort,2,120433,true
16,10000,HybridMergeSort,1,126978,true
16,20000,MergeSort,3,260926,true
16,20000,HybridMergeSort,2,274294,true
16,30000,MergeSort,5,408639,true
16,30000,HybridMergeSort,3,451776,true
16,40000,MergeSort,5,561749,true
16,40000,HybridMergeSort,4,588447,true
16,50000,MergeSort,7,718318,true
16,50000,HybridMergeSort,5,770314,true
16,100000,MergeSort,15,1536380,true
16,100000,HybridMergeSort,14,1639368,true
16,500000,MergeSort,93,8837748,true
16,500000,HybridMergeSort,78,9609483,true
16,1000000,MergeSort,230,18673775,true
16,1000000,HybridMergeSort,165,20222678,true
16,1500000,MergeSort,324,28910100,true
16,1500000,HybridMergeSort,260,30272851,true
16,2000000,MergeSort,430,39349385,true
16,2000000,HybridMergeSort,389,42447531,true
16,2500000,MergeSort,580,50027162,true
16,2500000,HybridMergeSort,407,51604447,true
16,5000000,MergeSort,1077,105050282,true
16,5000000,HybridMergeSort,874,108208967,true
16,7500000,MergeSort,1615,161905975,true
16,7500000,HybridMergeSort,1296,172260306,true
16,10000000,MergeSort,2100,220100408,true
16,10000000,HybridMergeSort,1795,226419030,true
20,1000,MergeSort,0,8708,true
20,1000,HybridMergeSort,0,10340,true
20,2000,MergeSort,0,19385,true
20,2000,HybridMergeSort,0,22552,true
20,3000,MergeSort,0,30881,true
20,3000,HybridMergeSort,0,33777,true
20,4000,MergeSort,1,42820,true
20,4000,HybridMergeSort,0,49225,true
20,5000,MergeSort,1,55249,true
20,5000,HybridMergeSort,1,66669,true
20,10000,MergeSort,1,120484,true
20,10000,HybridMergeSort,1,143551,true
20,20000,MergeSort,3,260956,true
20,20000,HybridMergeSort,2,306764,true
20,30000,MergeSort,5,408599,true
20,30000,HybridMergeSort,3,451886,true
20,40000,MergeSort,8,561572,true
20,40000,HybridMergeSort,6,654020,true
20,50000,MergeSort,10,718262,true
20,50000,HybridMergeSort,7,769580,true
20,100000,MergeSort,18,1536418,true
20,100000,HybridMergeSort,13,1639337,true
20,500000,MergeSort,101,8836930,true
20,500000,HybridMergeSort,86,9611495,true
20,1000000,MergeSort,204,18674189,true
20,1000000,HybridMergeSort,177,20220550,true
20,1500000,MergeSort,343,28909369,true
20,1500000,HybridMergeSort,285,30279082,true
20,2000000,MergeSort,413,39348029,true
20,2000000,HybridMergeSort,311,42447991,true
20,2500000,MergeSort,498,50025589,true
20,2500000,HybridMergeSort,398,55578970,true
20,5000000,MergeSort,1133,105050698,true
20,5000000,HybridMergeSort,897,116157799,true
20,7500000,MergeSort,2358,161907834,true
20,7500000,HybridMergeSort,1470,172254569,true
20,10000000,MergeSort,2261,220101223,true
20,10000000,HybridMergeSort,1744,242322061,true
25,1000,MergeSort,0,8722,true
25,1000,HybridMergeSort,0,10247,true
25,2000,MergeSort,0,19363,true
25,2000,HybridMergeSort,0,22496,true
25,3000,MergeSort,0,30908,true
25,3000,HybridMergeSort,0,40115,true
25,4000,MergeSort,1,42785,true
25,4000,HybridMergeSort,0,49209,true
25,5000,MergeSort,1,55175,true
25,5000,HybridMergeSort,0,66125,true
25,10000,MergeSort,2,120401,true
25,10000,HybridMergeSort,1,143204,true
25,20000,MergeSort,3,260853,true
25,20000,HybridMergeSort,2,307422,true
25,30000,MergeSort,5,408663,true
25,30000,HybridMergeSort,3,452203,true
25,40000,MergeSort,5,561729,true
25,40000,HybridMergeSort,5,653896,true
25,50000,MergeSort,7,718326,true
25,50000,HybridMergeSort,6,881553,true
25,100000,MergeSort,17,1536553,true
25,100000,HybridMergeSort,11,1860737,true
25,500000,MergeSort,90,8837307,true
25,500000,HybridMergeSort,63,9613248,true
25,1000000,MergeSort,196,18674388,true
25,1000000,HybridMergeSort,195,20219029,true
25,1500000,MergeSort,320,28909963,true
25,1500000,HybridMergeSort,239,33341712,true
25,2000000,MergeSort,407,39348628,true
25,2000000,HybridMergeSort,345,42441097,true
25,2500000,MergeSort,606,50025287,true
25,2500000,HybridMergeSort,370,55581631,true
25,5000000,MergeSort,1038,105049000,true
25,5000000,HybridMergeSort,815,116149181,true
25,7500000,MergeSort,1554,161908010,true
25,7500000,HybridMergeSort,1355,172247696,true
25,10000000,MergeSort,2143,220100285,true
25,10000000,HybridMergeSort,1709,242310434,true
30,1000,MergeSort,0,8708,true
30,1000,HybridMergeSort,0,12721,true
30,2000,MergeSort,1,19424,true
30,2000,HybridMergeSort,0,27330,true
30,3000,MergeSort,0,30881,true
30,3000,HybridMergeSort,1,40235,true
30,4000,MergeSort,0,42849,true
30,4000,HybridMergeSort,1,58688,true
30,5000,MergeSort,0,55250,true
30,5000,HybridMergeSort,1,66564,true
30,10000,MergeSort,1,120541,true
30,10000,HybridMergeSort,1,143639,true
30,20000,MergeSort,3,260916,true
30,20000,HybridMergeSort,2,307077,true
30,30000,MergeSort,5,408476,true
30,30000,HybridMergeSort,4,535960,true
30,40000,MergeSort,5,561737,true
30,40000,HybridMergeSort,3,652865,true
30,50000,MergeSort,6,718111,true
30,50000,HybridMergeSort,5,880354,true
30,100000,MergeSort,15,1536428,true
30,100000,HybridMergeSort,12,1863306,true
30,500000,MergeSort,90,8837955,true
30,500000,HybridMergeSort,72,11090992,true
30,1000000,MergeSort,188,18674863,true
30,1000000,HybridMergeSort,139,23180066,true
30,1500000,MergeSort,289,28910089,true
30,1500000,HybridMergeSort,243,33339331,true
30,2000000,MergeSort,435,39348113,true
30,2000000,HybridMergeSort,298,48362911,true
30,2500000,MergeSort,499,50025177,true
30,2500000,HybridMergeSort,392,55581647,true
30,5000000,MergeSort,1089,105050222,true
30,5000000,HybridMergeSort,814,116162934,true
30,7500000,MergeSort,1564,161905137,true
30,7500000,HybridMergeSort,1245,192737305,true
30,10000000,MergeSort,2290,220098847,true
30,10000000,HybridMergeSort,1878,242319480,true
32,1000,MergeSort,0,8689,true
32,1000,HybridMergeSort,0,13743,true
32,2000,MergeSort,0,19401,true
32,2000,HybridMergeSort,0,28567,true
32,3000,MergeSort,1,30879,true
32,3000,HybridMergeSort,0,40266,true
32,4000,MergeSort,0,42862,true
32,4000,HybridMergeSort,1,62360,true
32,5000,MergeSort,1,55260,true
32,5000,HybridMergeSort,0,66785,true
32,10000,MergeSort,2,120416,true
32,10000,HybridMergeSort,0,143327,true
32,20000,MergeSort,3,260967,true
32,20000,HybridMergeSort,2,307103,true
32,30000,MergeSort,5,408571,true
32,30000,HybridMergeSort,3,534909,true
32,40000,MergeSort,6,561689,true
32,40000,HybridMergeSort,5,654390,true
32,50000,MergeSort,10,717978,true
32,50000,HybridMergeSort,7,882527,true
32,100000,MergeSort,15,1536404,true
32,100000,HybridMergeSort,12,1861714,true
32,500000,MergeSort,96,8837250,true
32,500000,HybridMergeSort,76,11090525,true
32,1000000,MergeSort,214,18673821,true
32,1000000,HybridMergeSort,177,23188046,true
32,1500000,MergeSort,317,28911201,true
32,1500000,HybridMergeSort,216,33337190,true
32,2000000,MergeSort,393,39347915,true
32,2000000,HybridMergeSort,318,48363393,true
32,2500000,MergeSort,497,50024328,true
32,2500000,HybridMergeSort,382,55575606,true
32,5000000,MergeSort,1061,105049388,true
32,5000000,HybridMergeSort,879,116159123,true
32,7500000,MergeSort,1857,161905400,true
32,7500000,HybridMergeSort,1281,192746841,true
32,10000000,MergeSort,2166,220102583,true
32,10000000,HybridMergeSort,1709,242300864,true
35,1000,MergeSort,0,8711,true
35,1000,HybridMergeSort,0,13453,true
35,2000,MergeSort,1,19394,true
35,2000,HybridMergeSort,0,28218,true
35,3000,MergeSort,0,30928,true
35,3000,HybridMergeSort,1,40635,true
35,4000,MergeSort,0,42798,true
35,4000,HybridMergeSort,0,61200,true
35,5000,MergeSort,0,55203,true
35,5000,HybridMergeSort,1,66861,true
35,10000,MergeSort,1,120417,true
35,10000,HybridMergeSort,1,143899,true
35,20000,MergeSort,3,260973,true
35,20000,HybridMergeSort,2,307112,true
35,30000,MergeSort,4,408701,true
35,30000,HybridMergeSort,4,534809,true
35,40000,MergeSort,7,561897,true
35,40000,HybridMergeSort,4,653221,true
35,50000,MergeSort,8,718274,true
35,50000,HybridMergeSort,5,882200,true
35,100000,MergeSort,18,1536557,true
35,100000,HybridMergeSort,13,1862270,true
35,500000,MergeSort,98,8836918,true
35,500000,HybridMergeSort,74,11091809,true
35,1000000,MergeSort,200,18673620,true
35,1000000,HybridMergeSort,123,23191239,true
35,1500000,MergeSort,269,28911189,true
35,1500000,HybridMergeSort,226,33347928,true
35,2000000,MergeSort,428,39347674,true
35,2000000,HybridMergeSort,315,48364972,true
35,2500000,MergeSort,558,50025604,true
35,2500000,HybridMergeSort,398,55577845,true
35,5000000,MergeSort,1200,105052132,true
35,5000000,HybridMergeSort,1001,116159098,true
35,7500000,MergeSort,1659,161904680,true
35,7500000,HybridMergeSort,1266,192739547,true
35,10000000,MergeSort,2204,220101207,true
35,10000000,HybridMergeSort,1685,242319634,true
40,1000,MergeSort,0,8714,true
40,1000,HybridMergeSort,0,13272,true
40,2000,MergeSort,0,19391,true
40,2000,HybridMergeSort,0,28650,true
40,3000,MergeSort,1,30945,true
40,3000,HybridMergeSort,0,40037,true
40,4000,MergeSort,1,42791,true
40,4000,HybridMergeSort,0,62391,true
40,5000,MergeSort,1,55240,true
40,5000,HybridMergeSort,0,87258,true
40,10000,MergeSort,1,120417,true
40,10000,HybridMergeSort,2,184319,true
40,20000,MergeSort,4,260907,true
40,20000,HybridMergeSort,2,387048,true
40,30000,MergeSort,5,408644,true
40,30000,HybridMergeSort,3,535701,true
40,40000,MergeSort,7,561768,true
40,40000,HybridMergeSort,4,815781,true
40,50000,MergeSort,9,718063,true
40,50000,HybridMergeSort,6,880748,true
40,100000,MergeSort,17,1536171,true
40,100000,HybridMergeSort,11,1864342,true
40,500000,MergeSort,96,8837249,true
40,500000,HybridMergeSort,71,11090535,true
40,1000000,MergeSort,190,18674402,true
40,1000000,HybridMergeSort,147,23189485,true
40,1500000,MergeSort,295,28910611,true
40,1500000,HybridMergeSort,208,33330809,true
40,2000000,MergeSort,390,39348638,true
40,2000000,HybridMergeSort,297,48372622,true
40,2500000,MergeSort,507,50025394,true
40,2500000,HybridMergeSort,399,65326179,true
40,5000000,MergeSort,1044,105052538,true
40,5000000,HybridMergeSort,820,135627395,true
40,7500000,MergeSort,1545,161909358,true
40,7500000,HybridMergeSort,1311,192732056,true
40,10000000,MergeSort,2086,220101654,true
40,10000000,HybridMergeSort,1709,281207801,true
45,1000,MergeSort,0,8688,true
45,1000,HybridMergeSort,0,13541,true
45,2000,MergeSort,0,19431,true
45,2000,HybridMergeSort,1,28907,true
45,3000,MergeSort,0,30891,true
45,3000,HybridMergeSort,0,41691,true
45,4000,MergeSort,1,42830,true
45,4000,HybridMergeSort,0,61496,true
45,5000,MergeSort,1,55223,true
45,5000,HybridMergeSort,0,86946,true
45,10000,MergeSort,1,120395,true
45,10000,HybridMergeSort,1,183709,true
45,20000,MergeSort,3,260814,true
45,20000,HybridMergeSort,2,387651,true
45,30000,MergeSort,4,408624,true
45,30000,HybridMergeSort,3,535386,true
45,40000,MergeSort,6,561872,true
45,40000,HybridMergeSort,4,815584,true
45,50000,MergeSort,8,718510,true
45,50000,HybridMergeSort,5,880931,true
45,100000,MergeSort,18,1536620,true
45,100000,HybridMergeSort,12,1864409,true
45,500000,MergeSort,80,8836868,true
45,500000,HybridMergeSort,68,11100696,true
45,1000000,MergeSort,180,18673812,true
45,1000000,HybridMergeSort,146,23180091,true
45,1500000,MergeSort,293,28911529,true
45,1500000,HybridMergeSort,228,40570677,true
45,2000000,MergeSort,395,39347658,true
45,2000000,HybridMergeSort,297,48365127,true
45,2500000,MergeSort,518,50023319,true
45,2500000,HybridMergeSort,407,65297854,true
45,5000000,MergeSort,1024,105051423,true
45,5000000,HybridMergeSort,831,135638551,true
45,7500000,MergeSort,1586,161908982,true
45,7500000,HybridMergeSort,1229,192728043,true
45,10000000,MergeSort,2099,220101746,true
45,10000000,HybridMergeSort,1723,281268863,true
50,1000,MergeSort,0,8695,true
50,1000,HybridMergeSort,0,13273,true
50,2000,MergeSort,1,19406,true
50,2000,HybridMergeSort,0,28604,true
50,3000,MergeSort,0,30863,true
50,3000,HybridMergeSort,1,55287,true
50,4000,MergeSort,0,42873,true
50,4000,HybridMergeSort,1,61631,true
50,5000,MergeSort,0,55271,true
50,5000,HybridMergeSort,1,87208,true
50,10000,MergeSort,1,120360,true
50,10000,HybridMergeSort,1,182932,true
50,20000,MergeSort,4,260842,true
50,20000,HybridMergeSort,2,387773,true
50,30000,MergeSort,5,408596,true
50,30000,HybridMergeSort,3,537808,true
50,40000,MergeSort,6,561664,true
50,40000,HybridMergeSort,4,813474,true
50,50000,MergeSort,8,718382,true
50,50000,HybridMergeSort,6,1139768,true
50,100000,MergeSort,16,1536244,true
50,100000,HybridMergeSort,13,2383100,true
50,500000,MergeSort,90,8837679,true
50,500000,HybridMergeSort,70,11086942,true
50,1000000,MergeSort,189,18674275,true
50,1000000,HybridMergeSort,137,23191905,true
50,1500000,MergeSort,291,28910781,true
50,1500000,HybridMergeSort,220,40576854,true
50,2000000,MergeSort,376,39349102,true
50,2000000,HybridMergeSort,358,48364892,true
50,2500000,MergeSort,505,50025228,true
50,2500000,HybridMergeSort,386,65305824,true
50,5000000,MergeSort,993,105051468,true
50,5000000,HybridMergeSort,836,135641834,true
50,7500000,MergeSort,1530,161905823,true
50,7500000,HybridMergeSort,1259,192745170,true
50,10000000,MergeSort,2092,220101288,true
50,10000000,HybridMergeSort,1690,281252953,true
55,1000,MergeSort,1,8712,true
55,1000,HybridMergeSort,0,13600,true
55,2000,MergeSort,0,19478,true
55,2000,HybridMergeSort,0,28863,true
55,3000,MergeSort,1,30905,true
55,3000,HybridMergeSort,0,55559,true
55,4000,MergeSort,0,42803,true
55,4000,HybridMergeSort,0,61710,true
55,5000,MergeSort,1,55229,true
55,5000,HybridMergeSort,0,87232,true
55,10000,MergeSort,2,120419,true
55,10000,HybridMergeSort,0,183661,true
55,20000,MergeSort,3,261181,true
55,20000,HybridMergeSort,1,389219,true
55,30000,MergeSort,3,408684,true
55,30000,HybridMergeSort,3,537176,true
55,40000,MergeSort,5,561693,true
55,40000,HybridMergeSort,4,815913,true
55,50000,MergeSort,7,718048,true
55,50000,HybridMergeSort,5,1143645,true
55,100000,MergeSort,15,1536332,true
55,100000,HybridMergeSort,10,2384165,true
55,500000,MergeSort,81,8836856,true
55,500000,HybridMergeSort,67,11094046,true
55,1000000,MergeSort,178,18674258,true
55,1000000,HybridMergeSort,144,23179549,true
55,1500000,MergeSort,287,28908989,true
55,1500000,HybridMergeSort,212,40598990,true
55,2000000,MergeSort,391,39347704,true
55,2000000,HybridMergeSort,285,48356565,true
55,2500000,MergeSort,495,50027080,true
55,2500000,HybridMergeSort,399,65341025,true
55,5000000,MergeSort,1100,105046771,true
55,5000000,HybridMergeSort,910,135597723,true
55,7500000,MergeSort,1630,161907149,true
55,7500000,HybridMergeSort,1245,192726610,true
55,10000000,MergeSort,2103,220097466,true
55,10000000,HybridMergeSort,1698,281262036,true
60,1000,MergeSort,0,8684,true
60,1000,HybridMergeSort,0,13363,true
60,2000,MergeSort,0,19436,true
60,2000,HybridMergeSort,0,28614,true
60,3000,MergeSort,1,30942,true
60,3000,HybridMergeSort,0,55725,true
60,4000,MergeSort,1,42863,true
60,4000,HybridMergeSort,0,61898,true
60,5000,MergeSort,1,55228,true
60,5000,HybridMergeSort,0,87002,true
60,10000,MergeSort,1,120411,true
60,10000,HybridMergeSort,0,182481,true
60,20000,MergeSort,2,260835,true
60,20000,HybridMergeSort,2,386825,true
60,30000,MergeSort,4,408512,true
60,30000,HybridMergeSort,4,727593,true
60,40000,MergeSort,5,561832,true
60,40000,HybridMergeSort,4,814314,true
60,50000,MergeSort,7,718203,true
60,50000,HybridMergeSort,5,1141713,true
60,100000,MergeSort,16,1536728,true
60,100000,HybridMergeSort,12,2381151,true
60,500000,MergeSort,91,8836977,true
60,500000,HybridMergeSort,71,14327272,true
60,1000000,MergeSort,193,18673878,true
60,1000000,HybridMergeSort,159,29641090,true
60,1500000,MergeSort,296,28910274,true
60,1500000,HybridMergeSort,212,40593225,true
60,2000000,MergeSort,377,39347481,true
60,2000000,HybridMergeSort,316,61340196,true
60,2500000,MergeSort,490,50026079,true
60,2500000,HybridMergeSort,392,65306006,true
60,5000000,MergeSort,1060,105050226,true
60,5000000,HybridMergeSort,803,135604371,true
60,7500000,MergeSort,1552,161907034,true
60,7500000,HybridMergeSort,1307,239577202,true
60,10000000,MergeSort,2146,220100655,true
60,10000000,HybridMergeSort,1778,281241414,true
65,1000,MergeSort,0,8726,true
65,1000,HybridMergeSort,0,20122,true
65,2000,MergeSort,0,19484,true
65,2000,HybridMergeSort,0,41813,true
65,3000,MergeSort,1,30854,true
65,3000,HybridMergeSort,0,54887,true
65,4000,MergeSort,0,42853,true
65,4000,HybridMergeSort,1,89036,true
65,5000,MergeSort,0,55185,true
65,5000,HybridMergeSort,1,86169,true
65,10000,MergeSort,1,120465,true
65,10000,HybridMergeSort,1,182955,true
65,20000,MergeSort,2,261005,true
65,20000,HybridMergeSort,2,386886,true
65,30000,MergeSort,4,408663,true
65,30000,HybridMergeSort,2,727039,true
65,40000,MergeSort,5,561768,true
65,40000,HybridMergeSort,4,815094,true
65,50000,MergeSort,7,718047,true
65,50000,HybridMergeSort,6,1138333,true
65,100000,MergeSort,15,1536639,true
65,100000,HybridMergeSort,12,2385739,true
65,500000,MergeSort,94,8836860,true
65,500000,HybridMergeSort,72,14449052,true
65,1000000,MergeSort,186,18673476,true
65,1000000,HybridMergeSort,152,29897967,true
65,1500000,MergeSort,299,28910955,true
65,1500000,HybridMergeSort,223,40602973,true
65,2000000,MergeSort,397,39349650,true
65,2000000,HybridMergeSort,330,61804155,true
65,2500000,MergeSort,483,50024470,true
65,2500000,HybridMergeSort,410,65313312,true
65,5000000,MergeSort,1018,105051526,true
65,5000000,HybridMergeSort,846,135620436,true
65,7500000,MergeSort,1626,161904131,true
65,7500000,HybridMergeSort,1404,239619316,true
65,10000000,MergeSort,2096,220099420,true
65,10000000,HybridMergeSort,1705,281259876,true
70,1000,MergeSort,0,8695,true
70,1000,HybridMergeSort,0,20805,true
70,2000,MergeSort,0,19440,true
70,2000,HybridMergeSort,1,42201,true
70,3000,MergeSort,0,30919,true
70,3000,HybridMergeSort,0,55330,true
70,4000,MergeSort,1,42753,true
70,4000,HybridMergeSort,0,88211,true
70,5000,MergeSort,1,55217,true
70,5000,HybridMergeSort,0,87250,true
70,10000,MergeSort,1,120415,true
70,10000,HybridMergeSort,1,184152,true
70,20000,MergeSort,3,260844,true
70,20000,HybridMergeSort,2,387392,true
70,30000,MergeSort,5,408629,true
70,30000,HybridMergeSort,3,728188,true
70,40000,MergeSort,6,561928,true
70,40000,HybridMergeSort,4,815492,true
70,50000,MergeSort,7,718114,true
70,50000,HybridMergeSort,6,1140043,true
70,100000,MergeSort,16,1536274,true
70,100000,HybridMergeSort,13,2381664,true
70,500000,MergeSort,90,8837242,true
70,500000,HybridMergeSort,67,14449617,true
70,1000000,MergeSort,199,18674576,true
70,1000000,HybridMergeSort,156,29892601,true
70,1500000,MergeSort,267,28910257,true
70,1500000,HybridMergeSort,218,40578324,true
70,2000000,MergeSort,376,39348766,true
70,2000000,HybridMergeSort,296,61780945,true
70,2500000,MergeSort,490,50025754,true
70,2500000,HybridMergeSort,376,65314008,true
70,5000000,MergeSort,1013,105050802,true
70,5000000,HybridMergeSort,803,135640424,true
70,7500000,MergeSort,1533,161906525,true
70,7500000,HybridMergeSort,1263,239556081,true
70,10000000,MergeSort,2074,220099939,true
70,10000000,HybridMergeSort,1684,281276221,true
75,1000,MergeSort,0,8693,true
75,1000,HybridMergeSort,0,20384,true
75,2000,MergeSort,0,19412,true
75,2000,HybridMergeSort,1,42838,true
75,3000,MergeSort,0,30948,true
75,3000,HybridMergeSort,0,54394,true
75,4000,MergeSort,1,42819,true
75,4000,HybridMergeSort,0,89000,true
75,5000,MergeSort,1,55200,true
75,5000,HybridMergeSort,0,86686,true
75,10000,MergeSort,1,120566,true
75,10000,HybridMergeSort,1,184451,true
75,20000,MergeSort,3,260921,true
75,20000,HybridMergeSort,2,386673,true
75,30000,MergeSort,4,408435,true
75,30000,HybridMergeSort,3,729301,true
75,40000,MergeSort,6,561842,true
75,40000,HybridMergeSort,5,813715,true
75,50000,MergeSort,8,718154,true
75,50000,HybridMergeSort,6,1142694,true
75,100000,MergeSort,17,1536243,true
75,100000,HybridMergeSort,14,2379810,true
75,500000,MergeSort,94,8837218,true
75,500000,HybridMergeSort,74,14451874,true
75,1000000,MergeSort,178,18673397,true
75,1000000,HybridMergeSort,132,29889752,true
75,1500000,MergeSort,282,28910674,true
75,1500000,HybridMergeSort,231,40575993,true
75,2000000,MergeSort,392,39349313,true
75,2000000,HybridMergeSort,316,61790138,true
75,2500000,MergeSort,481,50025842,true
75,2500000,HybridMergeSort,405,80393966,true
75,5000000,MergeSort,1035,105053247,true
75,5000000,HybridMergeSort,834,165802115,true
75,7500000,MergeSort,1552,161908186,true
75,7500000,HybridMergeSort,1275,239511506,true
75,10000000,MergeSort,2042,220098411,true
75,10000000,HybridMergeSort,1783,341508764,true
80,1000,MergeSort,1,8694,true
80,1000,HybridMergeSort,0,20578,true
80,2000,MergeSort,0,19425,true
80,2000,HybridMergeSort,0,43379,true
80,3000,MergeSort,1,30925,true
80,3000,HybridMergeSort,0,55452,true
80,4000,MergeSort,0,42819,true
80,4000,HybridMergeSort,1,89098,true
80,5000,MergeSort,1,55214,true
80,5000,HybridMergeSort,0,132560,true
80,10000,MergeSort,2,120433,true
80,10000,HybridMergeSort,1,271862,true
80,20000,MergeSort,3,260882,true
80,20000,HybridMergeSort,2,562072,true
80,30000,MergeSort,4,408547,true
80,30000,HybridMergeSort,4,730357,true
80,40000,MergeSort,6,562046,true
80,40000,HybridMergeSort,5,1169076,true
80,50000,MergeSort,8,718125,true
80,50000,HybridMergeSort,6,1141526,true
80,100000,MergeSort,17,1535910,true
80,100000,HybridMergeSort,13,2381482,true
80,500000,MergeSort,92,8836626,true
80,500000,HybridMergeSort,75,14445346,true
80,1000000,MergeSort,191,18673470,true
80,1000000,HybridMergeSort,152,29896168,true
80,1500000,MergeSort,284,28909588,true
80,1500000,HybridMergeSort,226,40570023,true
80,2000000,MergeSort,383,39347298,true
80,2000000,HybridMergeSort,311,61821573,true
80,2500000,MergeSort,491,50025024,true
80,2500000,HybridMergeSort,418,86839523,true
80,5000000,MergeSort,1081,105048894,true
80,5000000,HybridMergeSort,915,178635655,true
80,7500000,MergeSort,1859,161906236,true
80,7500000,HybridMergeSort,1319,239532641,true
80,10000000,MergeSort,2142,220101445,true
80,10000000,HybridMergeSort,1839,367327245,true
85,1000,MergeSort,0,8759,true
85,1000,HybridMergeSort,0,20414,true
85,2000,MergeSort,0,19403,true
85,2000,HybridMergeSort,1,42314,true
85,3000,MergeSort,0,30948,true
85,3000,HybridMergeSort,0,54239,true
85,4000,MergeSort,1,42804,true
85,4000,HybridMergeSort,0,87640,true
85,5000,MergeSort,1,55257,true
85,5000,HybridMergeSort,0,131314,true
85,10000,MergeSort,1,120473,true
85,10000,HybridMergeSort,1,271200,true
85,20000,MergeSort,3,260838,true
85,20000,HybridMergeSort,2,564147,true
85,30000,MergeSort,4,408485,true
85,30000,HybridMergeSort,4,728173,true
85,40000,MergeSort,6,561725,true
85,40000,HybridMergeSort,5,1169032,true
85,50000,MergeSort,8,718047,true
85,50000,HybridMergeSort,6,1139921,true
85,100000,MergeSort,18,1536451,true
85,100000,HybridMergeSort,13,2383363,true
85,500000,MergeSort,81,8837232,true
85,500000,HybridMergeSort,71,14441472,true
85,1000000,MergeSort,187,18674256,true
85,1000000,HybridMergeSort,156,29893597,true
85,1500000,MergeSort,301,28909715,true
85,1500000,HybridMergeSort,234,40583919,true
85,2000000,MergeSort,534,39348058,true
85,2000000,HybridMergeSort,354,61796702,true
85,2500000,MergeSort,514,50024349,true
85,2500000,HybridMergeSort,510,86838584,true
85,5000000,MergeSort,1284,105050611,true
85,5000000,HybridMergeSort,1064,178667309,true
85,7500000,MergeSort,2284,161907629,true
85,7500000,HybridMergeSort,1517,239590903,true
85,10000000,MergeSort,2113,220100213,true
85,10000000,HybridMergeSort,1876,367301359,true
90,1000,MergeSort,0,8679,true
90,1000,HybridMergeSort,0,20245,true
90,2000,MergeSort,0,19423,true
90,2000,HybridMergeSort,1,42764,true
90,3000,MergeSort,1,30899,true
90,3000,HybridMergeSort,0,54708,true
90,4000,MergeSort,1,42825,true
90,4000,HybridMergeSort,1,88574,true
90,5000,MergeSort,1,55230,true
90,5000,HybridMergeSort,0,131245,true
90,10000,MergeSort,2,120373,true
90,10000,HybridMergeSort,1,271112,true
90,20000,MergeSort,5,260928,true
90,20000,HybridMergeSort,3,562292,true
90,30000,MergeSort,7,408588,true
90,30000,HybridMergeSort,4,728462,true
90,40000,MergeSort,9,561839,true
90,40000,HybridMergeSort,7,1170017,true
90,50000,MergeSort,10,718105,true
90,50000,HybridMergeSort,8,1143002,true
90,100000,MergeSort,22,1536320,true
90,100000,HybridMergeSort,18,2388119,true
90,500000,MergeSort,125,8837208,true
90,500000,HybridMergeSort,102,14462054,true
90,1000000,MergeSort,214,18674590,true
90,1000000,HybridMergeSort,172,29884749,true
90,1500000,MergeSort,309,28910091,true
90,1500000,HybridMergeSort,244,47559975,true
90,2000000,MergeSort,407,39349418,true
90,2000000,HybridMergeSort,298,61800071,true
90,2500000,MergeSort,481,50023989,true
90,2500000,HybridMergeSort,424,86829504,true
90,5000000,MergeSort,995,105049970,true
90,5000000,HybridMergeSort,877,178723435,true
90,7500000,MergeSort,1563,161903953,true
90,7500000,HybridMergeSort,1277,239522141,true
90,10000000,MergeSort,2047,220098946,true
90,10000000,HybridMergeSort,1795,367291196,true
95,1000,MergeSort,0,8696,true
95,1000,HybridMergeSort,0,20573,true
95,2000,MergeSort,0,19454,true
95,2000,HybridMergeSort,0,42096,true
95,3000,MergeSort,1,30956,true
95,3000,HybridMergeSort,0,87914,true
95,4000,MergeSort,1,42795,true
95,4000,HybridMergeSort,0,89683,true
95,5000,MergeSort,1,55182,true
95,5000,HybridMergeSort,0,129444,true
95,10000,MergeSort,2,120399,true
95,10000,HybridMergeSort,1,271514,true
95,20000,MergeSort,3,260835,true
95,20000,HybridMergeSort,2,562638,true
95,30000,MergeSort,4,408658,true
95,30000,HybridMergeSort,3,727385,true
95,40000,MergeSort,7,561881,true
95,40000,HybridMergeSort,4,1170106,true
95,50000,MergeSort,9,718072,true
95,50000,HybridMergeSort,6,1142353,true
95,100000,MergeSort,17,1536819,true
95,100000,HybridMergeSort,12,2382999,true
95,500000,MergeSort,89,8837572,true
95,500000,HybridMergeSort,73,14446784,true
95,1000000,MergeSort,188,18674810,true
95,1000000,HybridMergeSort,149,29914271,true
95,1500000,MergeSort,273,28908800,true
95,1500000,HybridMergeSort,248,56337482,true
95,2000000,MergeSort,407,39348213,true
95,2000000,HybridMergeSort,311,61816198,true
95,2500000,MergeSort,479,50024392,true
95,2500000,HybridMergeSort,419,86829647,true
95,5000000,MergeSort,1037,105050718,true
95,5000000,HybridMergeSort,887,178657647,true
95,7500000,MergeSort,1585,161910006,true
95,7500000,HybridMergeSort,1283,239593715,true
95,10000000,MergeSort,2108,220103168,true
95,10000000,HybridMergeSort,1778,367371806,true
100,1000,MergeSort,0,8702,true
100,1000,HybridMergeSort,0,20269,true
100,2000,MergeSort,1,19424,true
100,2000,HybridMergeSort,0,42882,true
100,3000,MergeSort,0,30937,true
100,3000,HybridMergeSort,0,87817,true
100,4000,MergeSort,0,42852,true
100,4000,HybridMergeSort,0,88604,true
100,5000,MergeSort,0,55254,true
100,5000,HybridMergeSort,1,130479,true
100,10000,MergeSort,1,120385,true
100,10000,HybridMergeSort,1,271188,true
100,20000,MergeSort,2,260853,true
100,20000,HybridMergeSort,3,564871,true
100,30000,MergeSort,5,408566,true
100,30000,HybridMergeSort,3,728474,true
100,40000,MergeSort,6,561816,true
100,40000,HybridMergeSort,5,1169847,true
100,50000,MergeSort,8,718331,true
100,50000,HybridMergeSort,7,1707296,true
100,100000,MergeSort,17,1536211,true
100,100000,HybridMergeSort,14,3508072,true
100,500000,MergeSort,87,8836740,true
100,500000,HybridMergeSort,71,14451007,true
100,1000000,MergeSort,186,18673234,true
100,1000000,HybridMergeSort,152,29895747,true
100,1500000,MergeSort,285,28911681,true
100,1500000,HybridMergeSort,236,56325716,true
100,2000000,MergeSort,372,39347838,true
100,2000000,HybridMergeSort,322,61820583,true
100,2500000,MergeSort,489,50024798,true
100,2500000,HybridMergeSort,507,86832040,true
100,5000000,MergeSort,1032,105050475,true
100,5000000,HybridMergeSort,841,178704949,true
100,7500000,MergeSort,1540,161908791,true
100,7500000,HybridMergeSort,1332,239567638,true
100,10000000,MergeSort,2103,220101621,true
100,10000000,HybridMergeSort,1844,367373568,true
124,1000,MergeSort,0,8726,true
124,1000,HybridMergeSort,0,34877,true
124,2000,MergeSort,0,19439,true
124,2000,HybridMergeSort,0,71093,true
124,3000,MergeSort,0,30935,true
124,3000,HybridMergeSort,0,87180,true
124,4000,MergeSort,0,42870,true
124,4000,HybridMergeSort,1,150983,true
124,5000,MergeSort,0,55312,true
124,5000,HybridMergeSort,0,131225,true
124,10000,MergeSort,1,120345,true
124,10000,HybridMergeSort,2,274448,true
124,20000,MergeSort,3,260835,true
124,20000,HybridMergeSort,2,563852,true
124,30000,MergeSort,4,408764,true
124,30000,HybridMergeSort,4,1140786,true
124,40000,MergeSort,6,561773,true
124,40000,HybridMergeSort,5,1164377,true
124,50000,MergeSort,8,718275,true
124,50000,HybridMergeSort,7,1700989,true
124,100000,MergeSort,16,1536320,true
124,100000,HybridMergeSort,14,3512986,true
124,500000,MergeSort,88,8836874,true
124,500000,HybridMergeSort,84,21569935,true
124,1000000,MergeSort,190,18674042,true
124,1000000,HybridMergeSort,172,44184077,true
124,1500000,MergeSort,287,28909496,true
124,1500000,HybridMergeSort,246,56334570,true
124,2000000,MergeSort,393,39349253,true
124,2000000,HybridMergeSort,372,90454507,true
124,2500000,MergeSort,468,50023335,true
124,2500000,HybridMergeSort,393,86829839,true
124,5000000,MergeSort,986,105050973,true
124,5000000,HybridMergeSort,839,178684115,true
124,7500000,MergeSort,1529,161908096,true
124,7500000,HybridMergeSort,1497,339716167,true
124,10000000,MergeSort,2100,220103097,true
124,10000000,HybridMergeSort,1959,367362065,true
150,1000,MergeSort,0,8661,true
150,1000,HybridMergeSort,1,35052,true
150,2000,MergeSort,0,19396,true
150,2000,HybridMergeSort,0,71542,true
150,3000,MergeSort,1,30948,true
150,3000,HybridMergeSort,0,88778,true
150,4000,MergeSort,0,42790,true
150,4000,HybridMergeSort,1,149286,true
150,5000,MergeSort,1,55297,true
150,5000,HybridMergeSort,0,130290,true
150,10000,MergeSort,2,120474,true
150,10000,HybridMergeSort,1,271227,true
150,20000,MergeSort,3,260954,true
150,20000,HybridMergeSort,2,562395,true
150,30000,MergeSort,4,408541,true
150,30000,HybridMergeSort,4,1140202,true
150,40000,MergeSort,6,561794,true
150,40000,HybridMergeSort,5,1170600,true
150,50000,MergeSort,8,718305,true
150,50000,HybridMergeSort,7,1706889,true
150,100000,MergeSort,17,1536134,true
150,100000,HybridMergeSort,15,3512913,true
150,500000,MergeSort,94,8836959,true
150,500000,HybridMergeSort,86,21600196,true
150,1000000,MergeSort,183,18675141,true
150,1000000,HybridMergeSort,179,44175100,true
150,1500000,MergeSort,339,28909936,true
150,1500000,HybridMergeSort,263,56340591,true
150,2000000,MergeSort,427,39348352,true
150,2000000,HybridMergeSort,405,90395221,true
150,2500000,MergeSort,517,50024265,true
150,2500000,HybridMergeSort,463,86861102,true
150,5000000,MergeSort,1204,105049481,true
150,5000000,HybridMergeSort,953,178579607,true
150,7500000,MergeSort,1733,161906793,true
150,7500000,HybridMergeSort,1648,339692152,true
150,10000000,MergeSort,2250,220103817,true
150,10000000,HybridMergeSort,1783,367326026,true
175,1000,MergeSort,0,8711,true
175,1000,HybridMergeSort,0,34523,true
175,2000,MergeSort,0,19387,true
175,2000,HybridMergeSort,1,71425,true
175,3000,MergeSort,0,30909,true
175,3000,HybridMergeSort,0,87614,true
175,4000,MergeSort,1,42814,true
175,4000,HybridMergeSort,0,148940,true
175,5000,MergeSort,1,55173,true
175,5000,HybridMergeSort,1,224505,true
175,10000,MergeSort,1,120468,true
175,10000,HybridMergeSort,1,455030,true
175,20000,MergeSort,3,260915,true
175,20000,HybridMergeSort,2,935304,true
175,30000,MergeSort,4,408708,true
175,30000,HybridMergeSort,4,1137025,true
175,40000,MergeSort,6,561769,true
175,40000,HybridMergeSort,6,1901029,true
175,50000,MergeSort,7,718389,true
175,50000,HybridMergeSort,7,1703018,true
175,100000,MergeSort,16,1536525,true
175,100000,HybridMergeSort,14,3504511,true
175,500000,MergeSort,88,8837273,true
175,500000,HybridMergeSort,83,21603173,true
175,1000000,MergeSort,177,18674434,true
175,1000000,HybridMergeSort,180,44167597,true
175,1500000,MergeSort,276,28908460,true
175,1500000,HybridMergeSort,261,56354176,true
175,2000000,MergeSort,390,39348193,true
175,2000000,HybridMergeSort,348,90443053,true
175,2500000,MergeSort,477,50025530,true
175,2500000,HybridMergeSort,492,132129082,true
175,5000000,MergeSort,1011,105049584,true
175,5000000,HybridMergeSort,1002,269251831,true
175,7500000,MergeSort,1584,161908742,true
175,7500000,HybridMergeSort,1609,339694722,true
175,10000000,MergeSort,2269,220102478,true
175,10000000,HybridMergeSort,2089,548484639,true
200,1000,MergeSort,0,8700,true
200,1000,HybridMergeSort,0,35764,true
200,2000,MergeSort,0,19394,true
200,2000,HybridMergeSort,0,71615,true
200,3000,MergeSort,0,30977,true
200,3000,HybridMergeSort,2,154054,true
200,4000,MergeSort,0,42779,true
200,4000,HybridMergeSort,0,145519,true
200,5000,MergeSort,1,55168,true
200,5000,HybridMergeSort,1,224024,true
200,10000,MergeSort,2,120477,true
200,10000,HybridMergeSort,1,459894,true
200,20000,MergeSort,3,260978,true
200,20000,HybridMergeSort,3,928070,true
200,30000,MergeSort,5,408708,true
200,30000,HybridMergeSort,4,1147430,true
200,40000,MergeSort,6,561716,true
200,40000,HybridMergeSort,0,1904586,true
200,50000,MergeSort,0,718207,true
200,50000,HybridMergeSort,23,2881218,true
200,100000,MergeSort,14,1536200,true
200,100000,HybridMergeSort,16,5856720,true
200,500000,MergeSort,86,8836844,true
200,500000,HybridMergeSort,81,21598770,true
200,1000000,MergeSort,188,18674455,true
200,1000000,HybridMergeSort,177,44254198,true
200,1500000,MergeSort,288,28910932,true
200,1500000,HybridMergeSort,314,89221607,true
200,2000000,MergeSort,380,39347856,true
200,2000000,HybridMergeSort,371,90364379,true
200,2500000,MergeSort,490,50025665,true
200,2500000,HybridMergeSort,476,132136752,true
200,5000000,MergeSort,1018,105049365,true
200,5000000,HybridMergeSort,996,269193744,true
200,7500000,MergeSort,1562,161905779,true
200,7500000,HybridMergeSort,1450,339765986,true
200,10000000,MergeSort,2190,220100571,true
200,10000000,HybridMergeSort,2100,548587135,true
250,1000,MergeSort,0,8699,true
250,1000,HybridMergeSort,0,64647,true
250,2000,MergeSort,0,19384,true
250,2000,HybridMergeSort,0,131673,true
250,3000,MergeSort,0,30905,true
250,3000,HybridMergeSort,0,153441,true
250,4000,MergeSort,0,42785,true
250,4000,HybridMergeSort,0,267537,true
250,5000,MergeSort,0,55302,true
250,5000,HybridMergeSort,0,224094,true
250,10000,MergeSort,0,120496,true
250,10000,HybridMergeSort,0,459328,true
250,20000,MergeSort,0,260753,true
250,20000,HybridMergeSort,0,939014,true
250,30000,MergeSort,7,408499,true
250,30000,HybridMergeSort,7,1990605,true
250,40000,MergeSort,6,561752,true
250,40000,HybridMergeSort,5,1902921,true
250,50000,MergeSort,7,718151,true
250,50000,HybridMergeSort,8,2863055,true
250,100000,MergeSort,16,1536434,true
250,100000,HybridMergeSort,18,5868523,true
250,500000,MergeSort,92,8837371,true
250,500000,HybridMergeSort,109,36384344,true
250,1000000,MergeSort,170,18673681,true
250,1000000,HybridMergeSort,223,73721748,true
250,1500000,MergeSort,379,28910428,true
250,1500000,HybridMergeSort,336,89259151,true
250,2000000,MergeSort,392,39348420,true
250,2000000,HybridMergeSort,448,149539879,true
250,2500000,MergeSort,528,50025026,true
250,2500000,HybridMergeSort,518,132117704,true
250,5000000,MergeSort,1033,105048115,true
250,5000000,HybridMergeSort,1069,269154376,true
250,7500000,MergeSort,1560,161906456,true
250,7500000,HybridMergeSort,1801,547211408,true
250,10000000,MergeSort,2086,220102837,true
250,10000000,HybridMergeSort,2059,548610841,true
300,1000,MergeSort,0,8687,true
300,1000,HybridMergeSort,0,66308,true
300,2000,MergeSort,0,19369,true
300,2000,HybridMergeSort,0,130228,true
300,3000,MergeSort,1,30873,true
300,3000,HybridMergeSort,0,155626,true
300,4000,MergeSort,1,42792,true
300,4000,HybridMergeSort,0,269556,true
300,5000,MergeSort,1,55221,true
300,5000,HybridMergeSort,0,223708,true
300,10000,MergeSort,2,120467,true
300,10000,HybridMergeSort,1,459367,true
300,20000,MergeSort,2,260801,true
300,20000,HybridMergeSort,3,932472,true
300,30000,MergeSort,4,408684,true
300,30000,HybridMergeSort,6,1979923,true
300,40000,MergeSort,6,561884,true
300,40000,HybridMergeSort,5,1911322,true
300,50000,MergeSort,7,718396,true
300,50000,HybridMergeSort,8,2886497,true
300,100000,MergeSort,16,1536204,true
300,100000,HybridMergeSort,17,5857209,true
300,500000,MergeSort,86,8837020,true
300,500000,HybridMergeSort,95,36353522,true
300,1000000,MergeSort,173,18674290,true
300,1000000,HybridMergeSort,225,73787632,true
300,1500000,MergeSort,263,28909934,true
300,1500000,HybridMergeSort,295,89286576,true
300,2000000,MergeSort,366,39348628,true
300,2000000,HybridMergeSort,446,149437538,true
300,2500000,MergeSort,492,50024425,true
300,2500000,HybridMergeSort,502,132140352,true
300,5000000,MergeSort,985,105049092,true
300,5000000,HybridMergeSort,993,269330676,true
300,7500000,MergeSort,1703,161907774,true
300,7500000,HybridMergeSort,1774,547108041,true
300,10000000,MergeSort,2025,220098778,true
300,10000000,HybridMergeSort,2122,548524873,true
350,1000,MergeSort,1,8696,true
350,1000,HybridMergeSort,0,64731,true
350,2000,MergeSort,0,19394,true
350,2000,HybridMergeSort,0,135832,true
350,3000,MergeSort,1,30923,true
350,3000,HybridMergeSort,0,155365,true
350,4000,MergeSort,0,42752,true
350,4000,HybridMergeSort,1,267742,true
350,5000,MergeSort,1,55176,true
350,5000,HybridMergeSort,1,414872,true
350,10000,MergeSort,1,120426,true
350,10000,HybridMergeSort,2,831341,true
350,20000,MergeSort,2,260775,true
350,20000,HybridMergeSort,4,1708645,true
350,30000,MergeSort,4,408492,true
350,30000,HybridMergeSort,5,1980690,true
350,40000,MergeSort,6,561946,true
350,40000,HybridMergeSort,8,3425602,true
350,50000,MergeSort,8,718163,true
350,50000,HybridMergeSort,8,2880227,true
350,100000,MergeSort,17,1536485,true
350,100000,HybridMergeSort,16,5861768,true
350,500000,MergeSort,92,8837050,true
350,500000,HybridMergeSort,114,36375795,true
350,1000000,MergeSort,197,18673562,true
350,1000000,HybridMergeSort,224,73704812,true
350,1500000,MergeSort,285,28909316,true
350,1500000,HybridMergeSort,312,89173983,true
350,2000000,MergeSort,400,39348343,true
350,2000000,HybridMergeSort,469,149521996,true
350,2500000,MergeSort,494,50026869,true
350,2500000,HybridMergeSort,641,225069235,true
350,5000000,MergeSort,994,105050387,true
350,5000000,HybridMergeSort,1360,455186440,true
350,7500000,MergeSort,1541,161908440,true
350,7500000,HybridMergeSort,1785,546987692,true
350,10000000,MergeSort,2131,220100773,true
350,10000000,HybridMergeSort,2868,920336220,true
400,1000,MergeSort,0,8693,true
400,1000,HybridMergeSort,0,64618,true
400,2000,MergeSort,0,19398,true
400,2000,HybridMergeSort,1,131753,true
400,3000,MergeSort,0,30936,true
400,3000,HybridMergeSort,1,294018,true
400,4000,MergeSort,0,42813,true
400,4000,HybridMergeSort,1,266781,true
400,5000,MergeSort,1,55148,true
400,5000,HybridMergeSort,1,416340,true
400,10000,MergeSort,2,120416,true
400,10000,HybridMergeSort,2,840668,true
400,20000,MergeSort,3,260879,true
400,20000,HybridMergeSort,4,1685936,true
400,30000,MergeSort,4,408466,true
400,30000,HybridMergeSort,6,1983768,true
400,40000,MergeSort,4,561897,true
400,40000,HybridMergeSort,0,3426809,true
400,50000,MergeSort,20,718213,true
400,50000,HybridMergeSort,13,5280346,true
400,100000,MergeSort,12,1536129,true
400,100000,HybridMergeSort,34,10626790,true
400,500000,MergeSort,93,8837420,true
400,500000,HybridMergeSort,94,36356509,true
400,1000000,MergeSort,184,18674212,true
400,1000000,HybridMergeSort,231,73846715,true
400,1500000,MergeSort,290,28909596,true
400,1500000,HybridMergeSort,433,156491864,true
400,2000000,MergeSort,371,39348671,true
400,2000000,HybridMergeSort,460,149449109,true
400,2500000,MergeSort,477,50025630,true
400,2500000,HybridMergeSort,646,224991940,true
400,5000000,MergeSort,1042,105051213,true
400,5000000,HybridMergeSort,1378,455178898,true
400,7500000,MergeSort,1525,161907223,true
400,7500000,HybridMergeSort,1784,547056451,true
400,10000000,MergeSort,2068,220099514,true
400,10000000,HybridMergeSort,2786,920412522,true
450,1000,MergeSort,0,8686,true
450,1000,HybridMergeSort,0,63145,true
450,2000,MergeSort,1,19410,true
450,2000,HybridMergeSort,0,134094,true
450,3000,MergeSort,0,30943,true
450,3000,HybridMergeSort,1,289425,true
450,4000,MergeSort,0,42817,true
450,4000,HybridMergeSort,1,271481,true
450,5000,MergeSort,0,55199,true
450,5000,HybridMergeSort,1,412391,true
450,10000,MergeSort,2,120596,true
450,10000,HybridMergeSort,1,841519,true
450,20000,MergeSort,3,261060,true
450,20000,HybridMergeSort,4,1689835,true
450,30000,MergeSort,4,408659,true
450,30000,HybridMergeSort,1,1981385,true
450,40000,MergeSort,11,561869,true
450,40000,HybridMergeSort,8,3441632,true
450,50000,MergeSort,7,718294,true
450,50000,HybridMergeSort,12,5272015,true
450,100000,MergeSort,7,1536448,true
450,100000,HybridMergeSort,36,10659750,true
450,500000,MergeSort,84,8837452,true
450,500000,HybridMergeSort,114,36394100,true
450,1000000,MergeSort,203,18674607,true
450,1000000,HybridMergeSort,238,73780964,true
450,1500000,MergeSort,318,28910361,true
450,1500000,HybridMergeSort,466,156505605,true
450,2000000,MergeSort,394,39348119,true
450,2000000,HybridMergeSort,452,149463376,true
450,2500000,MergeSort,555,50025454,true
450,2500000,HybridMergeSort,728,224891573,true
450,5000000,MergeSort,1033,105049992,true
450,5000000,HybridMergeSort,1465,455141565,true
450,7500000,MergeSort,1639,161905299,true
450,7500000,HybridMergeSort,1790,546933269,true
450,10000000,MergeSort,2150,220099164,true
450,10000000,HybridMergeSort,2822,919807303,true
500,1000,MergeSort,0,8706,true
500,1000,HybridMergeSort,0,125163,true
500,2000,MergeSort,0,19389,true
500,2000,HybridMergeSort,1,258954,true
500,3000,MergeSort,0,30927,true
500,3000,HybridMergeSort,1,289805,true
500,4000,MergeSort,0,42821,true
500,4000,HybridMergeSort,2,521601,true
500,5000,MergeSort,1,55222,true
500,5000,HybridMergeSort,1,418084,true
500,10000,MergeSort,1,120333,true
500,10000,HybridMergeSort,2,844915,true
500,20000,MergeSort,3,260938,true
500,20000,HybridMergeSort,4,1713894,true
500,30000,MergeSort,4,408572,true
500,30000,HybridMergeSort,8,3698579,true
500,40000,MergeSort,5,561681,true
500,40000,HybridMergeSort,8,3427817,true
500,50000,MergeSort,7,718139,true
500,50000,HybridMergeSort,11,5262785,true
500,100000,MergeSort,16,1536431,true
500,100000,HybridMergeSort,29,10636602,true
500,500000,MergeSort,89,8837026,true
500,500000,HybridMergeSort,165,66360116,true
500,1000000,MergeSort,180,18673801,true
500,1000000,HybridMergeSort,318,133900253,true
500,1500000,MergeSort,282,28911761,true
500,1500000,HybridMergeSort,443,156396557,true
500,2000000,MergeSort,376,39349217,true
500,2000000,HybridMergeSort,813,269554652,true
500,2500000,MergeSort,526,50024656,true
500,2500000,HybridMergeSort,758,225140568,true
500,5000000,MergeSort,1126,105049050,true
500,5000000,HybridMergeSort,1337,455177843,true
500,7500000,MergeSort,1553,161906924,true
500,7500000,HybridMergeSort,2654,968973623,true
500,10000000,MergeSort,2344,220102487,true
500,10000000,HybridMergeSort,2822,920250215,true
550,1000,MergeSort,0,8696,true
550,1000,HybridMergeSort,0,132525,true
550,2000,MergeSort,1,19393,true
550,2000,HybridMergeSort,0,251635,true
550,3000,MergeSort,1,30909,true
550,3000,HybridMergeSort,0,293560,true
550,4000,MergeSort,1,42821,true
550,4000,HybridMergeSort,1,510248,true
550,5000,MergeSort,1,55250,true
550,5000,HybridMergeSort,1,416930,true
550,10000,MergeSort,2,120509,true
550,10000,HybridMergeSort,2,834652,true
550,20000,MergeSort,3,260918,true
550,20000,HybridMergeSort,5,1712164,true
550,30000,MergeSort,5,408556,true
550,30000,HybridMergeSort,10,3709363,true
550,40000,MergeSort,7,562046,true
550,40000,HybridMergeSort,4,3448567,true
550,50000,MergeSort,16,717979,true
550,50000,HybridMergeSort,14,5242884,true
550,100000,MergeSort,20,1536529,true
550,100000,HybridMergeSort,30,10666337,true
550,500000,MergeSort,88,8838074,true
550,500000,HybridMergeSort,178,66455761,true
550,1000000,MergeSort,201,18674887,true
550,1000000,HybridMergeSort,308,133992633,true
550,1500000,MergeSort,288,28909819,true
550,1500000,HybridMergeSort,432,156394800,true
550,2000000,MergeSort,435,39349216,true
550,2000000,HybridMergeSort,776,269458144,true
550,2500000,MergeSort,539,50024679,true
550,2500000,HybridMergeSort,688,225008163,true
550,5000000,MergeSort,1050,105049089,true
550,5000000,HybridMergeSort,1389,454918449,true
550,7500000,MergeSort,1576,161907425,true
550,7500000,HybridMergeSort,2713,968851081,true
550,10000000,MergeSort,2115,220097207,true
550,10000000,HybridMergeSort,3421,920175267,true
650,1000,MergeSort,0,8691,true
650,1000,HybridMergeSort,0,129272,true
650,2000,MergeSort,1,19400,true
650,2000,HybridMergeSort,0,248514,true
650,3000,MergeSort,1,30933,true
650,3000,HybridMergeSort,0,290497,true
650,4000,MergeSort,1,42811,true
650,4000,HybridMergeSort,1,514798,true
650,5000,MergeSort,1,55189,true
650,5000,HybridMergeSort,2,803694,true
650,10000,MergeSort,1,120463,true
650,10000,HybridMergeSort,4,1605575,true
650,20000,MergeSort,1,260808,true
650,20000,HybridMergeSort,0,3245114,true
650,30000,MergeSort,0,408468,true
650,30000,HybridMergeSort,16,3717879,true
650,40000,MergeSort,15,561764,true
650,40000,HybridMergeSort,16,6508563,true
650,50000,MergeSort,4,718319,true
650,50000,HybridMergeSort,15,5279762,true
650,100000,MergeSort,17,1536160,true
650,100000,HybridMergeSort,24,10643048,true
650,500000,MergeSort,78,8837437,true
650,500000,HybridMergeSort,172,66407428,true
650,1000000,MergeSort,184,18674230,true
650,1000000,HybridMergeSort,336,133835472,true
650,1500000,MergeSort,308,28909915,true
650,1500000,HybridMergeSort,429,156429575,true
650,2000000,MergeSort,446,39347689,true
650,2000000,HybridMergeSort,1856,269613467,true
650,2500000,MergeSort,640,50024708,true
650,2500000,HybridMergeSort,1387,413335054,true
650,5000000,MergeSort,1042,105049589,true
650,5000000,HybridMergeSort,2008,831627383,true
650,7500000,MergeSort,1565,161905641,true
650,7500000,HybridMergeSort,2770,968569747,true
650,10000000,MergeSort,2103,220098675,true
650,10000000,HybridMergeSort,4521,1673218905,true
750,1000,MergeSort,0,8698,true
750,1000,HybridMergeSort,0,130113,true
750,2000,MergeSort,0,19417,true
750,2000,HybridMergeSort,1,260900,true
750,3000,MergeSort,0,30927,true
750,3000,HybridMergeSort,2,572837,true
750,4000,MergeSort,0,42859,true
750,4000,HybridMergeSort,1,513336,true
750,5000,MergeSort,1,55254,true
750,5000,HybridMergeSort,2,795039,true
750,10000,MergeSort,1,120455,true
750,10000,HybridMergeSort,4,1627393,true
750,20000,MergeSort,3,261036,true
750,20000,HybridMergeSort,7,3236698,true
750,30000,MergeSort,4,408531,true
750,30000,HybridMergeSort,9,3725816,true
750,40000,MergeSort,6,562109,true
750,40000,HybridMergeSort,17,6522854,true
750,50000,MergeSort,7,718268,true
750,50000,HybridMergeSort,13,5271032,true
750,100000,MergeSort,16,1536539,true
750,100000,HybridMergeSort,28,10644262,true
750,500000,MergeSort,90,8837196,true
750,500000,HybridMergeSort,173,66555560,true
750,1000000,MergeSort,178,18674407,true
750,1000000,HybridMergeSort,336,133840649,true
750,1500000,MergeSort,292,28908961,true
750,1500000,HybridMergeSort,631,292423726,true
750,2000000,MergeSort,394,39348154,true
750,2000000,HybridMergeSort,706,269620554,true
750,2500000,MergeSort,483,50026361,true
750,2500000,HybridMergeSort,1055,413310339,true
750,5000000,MergeSort,981,105053807,true
750,5000000,HybridMergeSort,2058,831687347,true
750,7500000,MergeSort,1891,161907295,true
750,7500000,HybridMergeSort,2860,969032159,true
750,10000000,MergeSort,2245,220097007,true
750,10000000,HybridMergeSort,4426,1673398738,true
850,1000,MergeSort,0,8729,true
850,1000,HybridMergeSort,0,124714,true
850,2000,MergeSort,1,19373,true
850,2000,HybridMergeSort,0,250437,true
850,3000,MergeSort,1,30942,true
850,3000,HybridMergeSort,1,567728,true
850,4000,MergeSort,1,42793,true
850,4000,HybridMergeSort,0,519838,true
850,5000,MergeSort,1,55193,true
850,5000,HybridMergeSort,2,801492,true
850,10000,MergeSort,1,120396,true
850,10000,HybridMergeSort,4,1597795,true
850,20000,MergeSort,3,260922,true
850,20000,HybridMergeSort,7,3257881,true
850,30000,MergeSort,5,408461,true
850,30000,HybridMergeSort,9,3717996,true
850,40000,MergeSort,6,561683,true
850,40000,HybridMergeSort,16,6545620,true
850,50000,MergeSort,8,718307,true
850,50000,HybridMergeSort,25,10088464,true
850,100000,MergeSort,18,1536461,true
850,100000,HybridMergeSort,46,20355723,true
850,500000,MergeSort,91,8837599,true
850,500000,HybridMergeSort,166,66364409,true
850,1000000,MergeSort,189,18675332,true
850,1000000,HybridMergeSort,318,133843814,true
850,1500000,MergeSort,285,28911385,true
850,1500000,HybridMergeSort,853,292409564,true
850,2000000,MergeSort,485,39348381,true
850,2000000,HybridMergeSort,829,269718903,true
850,2500000,MergeSort,517,50024216,true
850,2500000,HybridMergeSort,1096,413187230,true
850,5000000,MergeSort,987,105050418,true
850,5000000,HybridMergeSort,2058,831958691,true
850,7500000,MergeSort,2135,161904781,true
850,7500000,HybridMergeSort,2767,968907775,true
850,10000000,MergeSort,2136,220099929,true
850,10000000,HybridMergeSort,4388,1673340604,true
900,1000,MergeSort,0,8731,true
900,1000,HybridMergeSort,1,123160,true
900,2000,MergeSort,0,19439,true
900,2000,HybridMergeSort,1,257613,true
900,3000,MergeSort,0,30894,true
900,3000,HybridMergeSort,1,571195,true
900,4000,MergeSort,1,42861,true
900,4000,HybridMergeSort,1,512754,true
900,5000,MergeSort,0,55311,true
900,5000,HybridMergeSort,2,799892,true
900,10000,MergeSort,1,120366,true
900,10000,HybridMergeSort,3,1617169,true
900,20000,MergeSort,2,260920,true
900,20000,HybridMergeSort,7,3232955,true
900,30000,MergeSort,5,408527,true
900,30000,HybridMergeSort,8,3721076,true
900,40000,MergeSort,6,561643,true
900,40000,HybridMergeSort,15,6524321,true
900,50000,MergeSort,7,718320,true
900,50000,HybridMergeSort,21,10114633,true
900,100000,MergeSort,15,1536384,true
900,100000,HybridMergeSort,43,20249999,true
900,500000,MergeSort,89,8835914,true
900,500000,HybridMergeSort,180,66411494,true
900,1000000,MergeSort,197,18674243,true
900,1000000,HybridMergeSort,310,133782901,true
900,1500000,MergeSort,282,28912354,true
900,1500000,HybridMergeSort,668,292439449,true
900,2000000,MergeSort,423,39348792,true
900,2000000,HybridMergeSort,730,269658413,true
900,2500000,MergeSort,524,50024821,true
900,2500000,HybridMergeSort,1088,413398372,true
900,5000000,MergeSort,1060,105053194,true
900,5000000,HybridMergeSort,2064,831857728,true
900,7500000,MergeSort,1688,161907512,true
900,7500000,HybridMergeSort,3091,968688736,true
900,10000000,MergeSort,2274,220097967,true
900,10000000,HybridMergeSort,4473,1673216414,true
950,1000,MergeSort,0,8686,true
950,1000,HybridMergeSort,0,127004,true
950,2000,MergeSort,1,19393,true
950,2000,HybridMergeSort,0,254067,true
950,3000,MergeSort,1,30940,true
950,3000,HybridMergeSort,1,560351,true
950,4000,MergeSort,1,42822,true
950,4000,HybridMergeSort,1,516675,true
950,5000,MergeSort,1,55237,true
950,5000,HybridMergeSort,1,805918,true
950,10000,MergeSort,2,120410,true
950,10000,HybridMergeSort,4,1609275,true
950,20000,MergeSort,3,260896,true
950,20000,HybridMergeSort,7,3248475,true
950,30000,MergeSort,5,408520,true
950,30000,HybridMergeSort,15,7219468,true
950,40000,MergeSort,6,561953,true
950,40000,HybridMergeSort,17,6517592,true
950,50000,MergeSort,8,718111,true
950,50000,HybridMergeSort,26,10101895,true
950,100000,MergeSort,17,1536470,true
950,100000,HybridMergeSort,45,20269474,true
950,500000,MergeSort,93,8837996,true
950,500000,HybridMergeSort,180,66457437,true
950,1000000,MergeSort,193,18674514,true
950,1000000,HybridMergeSort,340,133817393,true
950,1500000,MergeSort,265,28909856,true
950,1500000,HybridMergeSort,650,292092164,true
950,2000000,MergeSort,397,39348337,true
950,2000000,HybridMergeSort,694,269666857,true
950,2500000,MergeSort,495,50025437,true
950,2500000,HybridMergeSort,1059,413288212,true
950,5000000,MergeSort,1084,105049446,true
950,5000000,HybridMergeSort,2020,831480584,true
950,7500000,MergeSort,1540,161907953,true
950,7500000,HybridMergeSort,4020,1819227577,true
950,10000000,MergeSort,2177,220103626,true
950,10000000,HybridMergeSort,4291,1672722125,true
